word,score
auditory,0.010923268
treatment,0.010734648
hearing,0.007947006
group,0.00768902
high,0.007521739
study,0.007186482
level,0.007132756
measure,0.007026622
loss,0.006510819
activity,0.005607467
distress,0.005331827
test,0.005204865
increase,0.005126215
control,0.005060645
chronic,0.004782171
emotional,0.00471326
response,0.004685705
stimulation,0.004460228
participant,0.004349686
clinical,0.004344563
