word,score
study,0.014364251
treatment,0.011531338
auditory,0.008694462
hearing,0.006420588
group,0.006121757
chronic,0.006120841
measure,0.005705878
increase,0.005318724
clinical,0.005286774
score,0.005266632
sound,0.005239193
loss,0.005176273
activity,0.005167007
report,0.005070576
disorder,0.005002708
response,0.004943261
severity,0.004878286
therapy,0.004828891
control,0.004771727
distress,0.004591056
