word,score
study,0.016159801
group,0.007811245
hear,0.007380799
clinical,0.007337712
hearing,0.006770374
intervention,0.006361712
age,0.006279916
include,0.006154096
measure,0.006087777
report,0.00587451
score,0.005793057
disorder,0.005715979
loss,0.005637745
distress,0.004931042
chronic,0.004897256
participant,0.004892337
identify,0.004861973
hyperacusis,0.004859365
treatment,0.004820299
year,0.00476202
