word,score
study,0.012601481
stimulation,0.010325207
model,0.010132349
sound,0.00818949
functional,0.007995181
group,0.007927131
measure,0.00781465
treatment,0.007808527
auditory,0.006132115
control,0.005973058
level,0.005342276
effect,0.005036719
outcome,0.004965542
report,0.004879398
brain,0.004757631
therapy,0.004485552
participant,0.004241648
health,0.004105421
abstracttext,0.00406207
chronic,0.003975209
