word,score
study,0.013818942
therapy,0.013191198
treatment,0.011431987
sound,0.011258655
outcome,0.008580608
trial,0.007739242
group,0.006524276
clinical,0.006397427
subject,0.005556701
month,0.005526576
hearing,0.005305469
intervention,0.005281235
measure,0.005130847
depression,0.005065829
include,0.00489197
individual,0.004863917
score,0.004700911
compare,0.004634665
method,0.004287089
control,0.004100825
