word,score
treatment,0.016298484
study,0.013059643
auditory,0.012904493
stimulation,0.011741132
group,0.009257608
clinical,0.007450444
effect,0.006619491
trial,0.006261282
sound,0.00624429
therapy,0.005550233
outcome,0.005349672
chronic,0.004914648
transcranial,0.004860396
measure,0.004803341
intervention,0.004736404
cognitive,0.004564949
animal,0.004525902
decrease,0.00433366
current,0.004246997
distress,0.00419249
