word,score
study,0.014223421
treatment,0.01221172
subject,0.008315957
sound,0.008168901
group,0.008006804
activity,0.00745002
auditory,0.006955525
participant,0.006874448
therapy,0.00684602
chronic,0.005957824
hearing,0.005052174
control,0.005022228
stimulation,0.00493169
frequency,0.004864118
measure,0.004618143
distress,0.004585618
test,0.004522366
difference,0.004455539
loss,0.004317422
clinical,0.004217077
