word,score
study,0.017719484
treatment,0.014844436
group,0.013468506
hearing,0.011229524
auditory,0.007256033
age,0.006645974
loss,0.006585552
hear,0.006524978
high,0.006254083
year,0.006075055
compare,0.005724192
chronic,0.005701594
severity,0.005003553
stimulation,0.00499244
improvement,0.004912781
therapy,0.004824301
score,0.004784476
increase,0.004736192
clinical,0.004693151
effect,0.004652865
