word,score
study,0.021131945
treatment,0.016582951
outcome,0.013438432
measure,0.009519389
trial,0.009117227
clinical,0.009093349
include,0.0083263
therapy,0.006556395
group,0.006181983
chronic,0.006087903
report,0.005889938
participant,0.005809394
high,0.005671408
evaluate,0.005221354
correlation,0.00419063
change,0.004018761
control,0.003931161
distress,0.003806754
instrument,0.00378227
identify,0.003761323
