word,score
group,0.021678417
study,0.015697586
hearing,0.013385052
score,0.010787393
control,0.009081606
loss,0.007657124
cochlear,0.007633404
measure,0.007042699
subject,0.00686799
implantation,0.006697091
difference,0.006492957
year,0.006054274
factor,0.005973239
questionnaire,0.005969753
compare,0.005696184
correlation,0.005648829
test,0.005607623
negative,0.00553618
positive,0.005354428
treatment,0.005224854
