word,score
treatment,0.016387628
stimulation,0.01405181
study,0.013167201
auditory,0.012816558
brain,0.006481005
effect,0.00598704
perception,0.005569806
reduce,0.005350442
therapy,0.005282502
level,0.005260605
magnetic,0.005138578
symptom,0.005021081
intervention,0.004911847
chronic,0.004778385
activity,0.004717642
sound,0.004322597
depression,0.004302895
central,0.004095008
score,0.004091205
clinical,0.004045981
