word,score
chronic,0.001198572
study,0.001022803
symptom,0.00087733
brain,0.000598999
stimulation,0.000551296
test,0.00050833
measure,0.000397905
increase,0.00036528
frequency,0.000336852
ear,0.000319268
complete,0.000264503
reveal,0.000234375
depression,0.000227674
relationship,0.000226576
disorder,0.000215166
design,0.000209545
control,0.000208106
activation,0.000204714
procedure,0.000204549
inventory,0.000190376
