word,score
measure,0.001209918
treatment,0.001193713
group,0.001184388
frequency,0.001029883
hearing,0.000905503
symptom,0.000543386
activity,0.000509401
year,0.000509271
month,0.000499424
level,0.000401134
method,0.000390188
case,0.000341695
electrical,0.000339973
statistically,0.000339517
age,0.000332358
difference,0.000324927
hear,0.00032276
high,0.000263033
questionnaire,0.000238213
cochlear,0.00023354
