word,score
report,0.000737057
stimulation,0.000678244
frequency,0.000522956
model,0.000450388
year,0.000431197
treatment,0.000393266
therapeutic,0.000356719
difference,0.000320076
neural,0.000297601
effect,0.000290805
electrical,0.000238198
involve,0.000234961
case,0.000223569
intensity,0.000223459
loudness,0.000197066
cortical,0.000182188
population,0.000180382
sleep,0.000177049
measure,0.000174121
leave,0.000162172
