word,score
hearing,0.002841421
loss,0.00236704
hear,0.002125891
group,0.001837032
study,0.001673683
auditory,0.000447749
effect,0.000438767
normal,0.000435312
chronic,0.000435061
level,0.000296866
increase,0.000248823
control,0.000236991
cortical,0.000223209
score,0.000222041
salicylate,0.000220626
intensity,0.00020934
inventory,0.000209292
management,0.00018752
influence,0.000184107
participant,0.000166358
