word,score
auditory,0.00248125
increase,0.001255616
distress,0.00116658
subjective,0.000686365
activity,0.000593731
model,0.000435937
cortex,0.000432924
participant,0.000388681
tinnitusrelate,0.000376338
brain,0.000366386
unilateral,0.000327402
anxiety,0.000318182
impact,0.000312586
questionnaire,0.000291787
chronic,0.000288636
depression,0.000286738
type,0.000283015
band,0.000271731
identify,0.000260198
decrease,0.000259673
