word,score
treatment,0.002926623
loss,0.002016637
hearing,0.001542822
sound,0.000919164
hear,0.000681725
study,0.000633843
perception,0.000615673
case,0.000424081
objective,0.000367075
stimulation,0.000363397
chronic,0.000306313
subjective,0.00030081
therapy,0.000285882
subject,0.000282058
symptom,0.000280709
tinnitusrelate,0.000271111
activity,0.000244778
correlate,0.000231616
control,0.000203797
investigate,0.000197547
