word,score
loss,0.002258045
hearing,0.001664533
hear,0.001229911
cochlear,0.000812021
stimulation,0.000771655
control,0.000672643
model,0.000490179
dpoae,0.000479391
emission,0.000405318
otoacoustic,0.000378781
assess,0.000373247
high,0.000359728
rate,0.000336254
type,0.000328584
ear,0.00031234
acoustic,0.000307048
spontaneous,0.000302338
trial,0.000300129
normal,0.000285576
improvement,0.000266502
