word,score
measure,0.001883496
group,0.000657503
stimulation,0.000616248
score,0.000558894
treatment,0.000473359
scale,0.000440455
chronic,0.000408996
treat,0.000398522
pure,0.000395213
outcome,0.000383047
year,0.000344474
primary,0.000322667
transcranial,0.000302984
datum,0.00030112
psychological,0.000277923
depression,0.000269682
attention,0.000261506
base,0.000258838
unilateral,0.000248698
magnetic,0.000245935
