word,score
auditory,0.002730784
month,0.002304276
clinical,0.001075571
great,0.000795026
trt,0.000733164
sound,0.000722269
study,0.000547022
perception,0.000539773
therapy,0.000435737
assess,0.000424001
benefit,0.000407464
provide,0.000323322
life,0.000315321
effect,0.000290574
loudness,0.00027336
efficacy,0.000262448
improvement,0.000249594
induce,0.00024631
effective,0.000245242
time,0.000242554
