word,score
treatment,0.003215634
therapy,0.002591506
study,0.001141752
factor,0.000970283
risk,0.000872085
type,0.000760229
subject,0.000609697
scale,0.000582742
drug,0.000515165
anxiety,0.000511543
increase,0.00049498
response,0.000479096
distress,0.000465956
high,0.000395187
age,0.000373076
ear,0.000372764
depression,0.000347093
rate,0.000316252
develop,0.000256672
assess,0.000256024
