word,score
group,0.00161702
score,0.000990525
loss,0.000979538
age,0.000878674
chronic,0.000761139
study,0.00073993
difference,0.0005917
compare,0.000570032
trial,0.0005561
subject,0.000504415
hear,0.000496493
change,0.000478816
therapy,0.000468415
sound,0.000462264
effect,0.000435788
evidence,0.000418404
auditory,0.000395111
method,0.000392907
clinical,0.000383112
decrease,0.000354954
