word,score
ear,0.002334365
group,0.002206443
hearing,0.00112518
normal,0.001035483
high,0.000873109
perception,0.000688576
measure,0.000630663
evaluate,0.00062647
hear,0.000549561
distress,0.000486567
clinical,0.000449091
leave,0.000442012
sound,0.000436346
test,0.000429457
symptom,0.000415979
treatment,0.000390915
day,0.00038985
acoustic,0.000323657
identify,0.000315589
improve,0.000285924
