word,score
control,0.001755405
depression,0.000671736
leave,0.000581382
noise,0.000561942
loudness,0.000517422
evidence,0.000517406
anxiety,0.000506986
functional,0.000478668
subject,0.000453943
participant,0.000452508
network,0.000447617
correlation,0.000439033
region,0.000387625
decrease,0.00037157
connectivity,0.000341883
cognitive,0.000326401
case,0.000325743
evaluate,0.000307045
month,0.000293929
psychiatric,0.000265216
