word,score
ear,0.000755957
subject,0.000667366
loss,0.000525078
response,0.000489693
frequency,0.00046029
severe,0.000384777
auditory,0.000365393
perception,0.000359899
hear,0.000339915
include,0.000324481
clinical,0.000313002
method,0.000306762
increase,0.000302065
examination,0.000269137
objective,0.000248805
decrease,0.000239172
analysis,0.00023744
reduction,0.000213227
case,0.000208955
symptom,0.000206154
