word,score
chronic,0.000962046
activity,0.000942383
compare,0.000745685
method,0.000691539
auditory,0.000689378
severity,0.000686745
clinical,0.000589963
hyperacusis,0.000530868
network,0.000474346
area,0.000457375
subject,0.00045638
change,0.000448213
test,0.000445966
group,0.000445883
unilateral,0.00042454
brain,0.000423317
neural,0.000421139
rate,0.000375542
model,0.000327112
involve,0.000316681
