word,score
study,0.002308698
stimulation,0.001350495
hearing,0.001068105
treatment,0.00092543
sound,0.000626853
increase,0.000595965
brain,0.000414479
functional,0.000371239
evaluate,0.000349563
scale,0.000329097
prevalence,0.000274404
neural,0.000262553
trial,0.000262126
questionnaire,0.000260492
review,0.000249296
quality,0.000237908
effective,0.000235764
therapeutic,0.000229814
improvement,0.000222663
evidence,0.000216203
