word,score
model,0.001689395
report,0.001279706
participant,0.001030934
stimulation,0.000643062
auditory,0.000612551
sound,0.000609881
venous,0.000554038
flow,0.000539961
test,0.000530563
develop,0.000529695
sample,0.000509292
symptom,0.000501734
objective,0.000480456
subject,0.000462497
trial,0.00042985
abstracttext,0.000410162
effect,0.000406248
evaluate,0.000378599
pulsatile,0.000364481
week,0.000356053
