word,score
report,0.003426798
distress,0.002348666
chronic,0.001432908
hear,0.001229712
hearing,0.001186206
subject,0.001142493
year,0.001079074
abstracttext,0.000937428
experience,0.000821079
cochlear,0.000775419
compare,0.000718785
intervention,0.000718331
improvement,0.000711806
cognitive,0.000692311
participant,0.000588577
disorder,0.000575516
positive,0.000557504
age,0.000547103
group,0.000482177
complete,0.000478832
