word,score
treatment,0.001675699
score,0.001516964
high,0.001299886
participant,0.001196695
bilateral,0.00094864
analysis,0.000620915
inventory,0.000616722
suppression,0.000535734
implantation,0.000508181
severity,0.000467114
level,0.000466041
receive,0.000450375
increase,0.000437032
characteristic,0.000390309
total,0.000334177
low,0.000328858
noise,0.000320921
scale,0.000317224
year,0.000316924
frequency,0.000307878
