word,score
group,0.005249518
study,0.004794729
outcome,0.003273297
therapy,0.001989959
stimulation,0.001941256
trial,0.001745452
sound,0.001439801
identify,0.001259169
measure,0.001189067
compare,0.001159879
functional,0.001055262
treatment,0.001015987
noise,0.000815483
intervention,0.000741534
factor,0.000640821
disorder,0.000602276
response,0.000550299
positive,0.000546504
investigate,0.000532137
support,0.000517897
