word,score
study,0.0024432
difference,0.00137974
factor,0.001257362
measure,0.001087186
review,0.000596542
control,0.000585738
high,0.000574011
implantation,0.000561775
brain,0.000546565
score,0.000537431
model,0.000534353
prevalence,0.000498148
method,0.000497988
bilateral,0.000488052
risk,0.00046385
surgery,0.000406083
sinus,0.000378526
search,0.000377982
assess,0.00037786
loss,0.000363453
