word,score
group,0.002848033
study,0.001888139
effect,0.001398986
improvement,0.000937056
clinical,0.000924519
stimulation,0.000680259
distress,0.000639955
sleep,0.000639663
inventory,0.000526739
outcome,0.0004668
network,0.00045788
chronic,0.000439353
loudness,0.000413049
activity,0.000409662
support,0.000408562
subjective,0.00038112
control,0.00035994
life,0.000336171
year,0.000331936
functional,0.000325091
