word,score
chronic,0.001911559
auditory,0.001287336
distress,0.00128614
effect,0.000940522
sound,0.000829261
loss,0.000818405
compare,0.000772783
region,0.000662655
objective,0.000654955
reduce,0.000646257
increase,0.000587242
disorder,0.000554136
control,0.000543873
brain,0.000542595
stimulation,0.000489094
effective,0.000475928
clinical,0.00046654
hearing,0.000458047
evaluate,0.000456301
aim,0.000422303
