word,score
treatment,0.003453012
participant,0.001824667
level,0.00104447
hearing,0.000974411
therapy,0.000972713
group,0.000862733
distress,0.000749006
scale,0.000738657
increase,0.000699603
score,0.0006881
rate,0.000612417
factor,0.00060855
sound,0.000595072
experience,0.000566482
questionnaire,0.000543908
loss,0.000540691
subjective,0.000515783
method,0.000512532
frequency,0.000463585
depression,0.000455562
