word,score
study,0.001489128
objective,0.000856378
auditory,0.000782554
group,0.000670865
examination,0.000405208
normal,0.000398688
test,0.000371372
day,0.000316839
salicylate,0.000273467
high,0.000266229
activity,0.000263564
undergo,0.000262945
neural,0.000259291
evidence,0.000255535
improvement,0.000243689
case,0.00021832
animal,0.000206897
develop,0.00019659
disease,0.000190741
cochlear,0.000180391
