word,score
study,0.001350372
hyperacusis,0.00095839
report,0.000768103
activity,0.000504964
year,0.000498094
age,0.000479396
noise,0.000467943
include,0.000431894
increase,0.000419091
subject,0.000402104
hear,0.000320489
neural,0.000295185
condition,0.000273411
auditory,0.000268357
severity,0.000265919
observe,0.00021933
risk,0.000200552
clinic,0.000193262
datum,0.000185718
lateral,0.000171556
