word,score
group,0.000915521
method,0.000666671
hearing,0.00057765
sound,0.000511979
measure,0.000458176
severe,0.000440065
auditory,0.000421938
year,0.00039608
day,0.000260888
disorder,0.000258149
ear,0.000234985
cochlear,0.000234803
hear,0.000222758
normal,0.000215106
period,0.000210284
vertigo,0.000197547
evaluation,0.000171479
level,0.000159084
time,0.000155605
nerve,0.000151369
