word,score
treatment,0.002758338
group,0.001411268
high,0.000692281
improvement,0.000606682
year,0.000519902
evaluate,0.000511227
questionnaire,0.000445313
experience,0.000438049
severity,0.000416438
salicylate,0.00032339
provide,0.000310001
include,0.000309005
increase,0.000299223
form,0.000291962
trt,0.000276315
score,0.000274556
technique,0.000265518
clinical,0.000242976
sleep,0.000241784
loudness,0.000227455
