word,score
group,0.001802391
hearing,0.001184598
study,0.001110837
chronic,0.001106887
treatment,0.000976627
normal,0.000876932
intervention,0.000866802
hear,0.00079572
subject,0.000663971
auditory,0.000652541
outcome,0.000630127
disorder,0.00060325
loss,0.000582497
reduce,0.000527679
year,0.000457068
high,0.000414158
brain,0.000363493
activity,0.000352519
condition,0.000329875
noise,0.000323481
