word,score
sound,0.001830227
hearing,0.001204171
loss,0.001191206
control,0.000977117
cochlear,0.000904514
age,0.00073705
frequency,0.000651905
therapy,0.000495642
subject,0.000460154
difference,0.000416402
trial,0.000415955
rate,0.000404744
neural,0.000389086
year,0.000377032
response,0.000370305
experience,0.000350193
history,0.000345064
evidence,0.000338944
method,0.000327108
include,0.000309586
