word,score
compare,0.002240083
group,0.00189639
control,0.001829451
study,0.001510913
include,0.001287924
reduce,0.001182944
treatment,0.001141661
cbt,0.001036083
distress,0.001022252
life,0.000886078
effect,0.000808718
brain,0.000787038
evidence,0.000724268
participant,0.000690215
cognitive,0.000682223
depression,0.000680496
activity,0.000587548
anxiety,0.000558006
report,0.000511926
identify,0.000505078
