word,score
treatment,0.002664692
investigate,0.00135608
participant,0.001270519
severity,0.001188004
compare,0.001136101
high,0.000989176
clinical,0.000688435
intervention,0.000682518
change,0.000666969
cognitive,0.000625699
chronic,0.000569083
distress,0.00053313
effective,0.000520905
low,0.000459098
outcome,0.000454908
group,0.000453545
symptom,0.000442147
score,0.00043757
psychological,0.000431963
severe,0.000398007
