word,score
level,0.001084342
perception,0.000901913
scale,0.000843957
clinical,0.000791753
auditory,0.000777371
subject,0.000727039
stimulus,0.000726866
measure,0.000673805
experience,0.000658498
case,0.000654994
participant,0.000621768
group,0.000609979
loss,0.000466524
complete,0.000466318
test,0.000462435
trial,0.000462022
type,0.000413007
rate,0.000381637
mask,0.00038052
control,0.000371059
