word,score
sound,0.002499835
month,0.001451653
treatment,0.00122862
chronic,0.001004044
difference,0.000949125
therapy,0.000921171
test,0.000887197
increase,0.000858016
questionnaire,0.000832165
subject,0.000737497
model,0.000673529
symptom,0.0006297
frequency,0.000629142
individual,0.000613437
activity,0.000581475
subjective,0.000580517
report,0.000550484
factor,0.000538967
develop,0.000497292
distress,0.00048208
