word,score
treatment,0.002015615
stimulation,0.001760937
study,0.001092319
increase,0.000602925
chronic,0.000553624
functional,0.000514166
outcome,0.000463755
change,0.000460156
review,0.000446123
anxiety,0.000373129
magnetic,0.000372617
annoyance,0.000362209
cortical,0.000338123
loudness,0.000337028
demonstrate,0.000332444
effective,0.000326492
report,0.000309244
control,0.000298844
brain,0.000279427
region,0.000270182
