word,score
hearing,0.001448868
loss,0.001222688
hyperacusis,0.001150661
cochlear,0.000978063
score,0.000955393
improvement,0.000858726
questionnaire,0.000742618
scale,0.000715703
distress,0.000708203
hear,0.000582161
measure,0.000510192
ear,0.000487086
bilateral,0.000469922
leave,0.000469423
inventory,0.000464456
implantation,0.000440731
network,0.000431695
case,0.000415386
implant,0.000361452
year,0.000355468
