word,score
study,0.002822856
measure,0.002309835
high,0.001499031
participant,0.001444286
week,0.001152911
hearing,0.00094841
model,0.000885942
frequency,0.000814374
assessment,0.000766882
prevalence,0.000697706
assess,0.00069563
factor,0.000624637
response,0.00059937
acoustic,0.000580309
questionnaire,0.000544054
datum,0.000482392
sound,0.000475187
loudness,0.000424214
age,0.000410999
group,0.000406292
