word,score
month,0.002661783
level,0.001318736
auditory,0.001167715
severity,0.001059095
inventory,0.000994961
receive,0.000958758
therapy,0.000848859
measure,0.000790346
decrease,0.000726664
bilateral,0.000662103
tinnitusrelate,0.000542268
test,0.000541137
symptom,0.000525539
include,0.000509854
treatment,0.000477779
increase,0.000434331
depression,0.000406949
individual,0.000402937
evaluate,0.00037012
brain,0.00035998
