word,score
therapy,0.000727468
report,0.000680494
psychological,0.000654231
subject,0.000579774
experience,0.000547834
subjective,0.000472122
cochlear,0.000385165
perform,0.000380231
evaluate,0.000375092
change,0.000293052
case,0.000276218
decrease,0.000247146
individual,0.000240758
administer,0.000234859
test,0.000232446
prevalence,0.000231625
symptom,0.000229195
difference,0.000223094
unilateral,0.000220501
region,0.000199526
