word,score
subject,0.00188297
auditory,0.001018148
treatment,0.000922417
perception,0.000715952
distress,0.000574717
compare,0.000474571
severe,0.000381729
level,0.000358779
finding,0.000356566
nerve,0.000332289
change,0.000327299
depression,0.000297636
high,0.000276235
brain,0.000272198
reduce,0.000270936
stimulation,0.000267743
total,0.00025615
investigate,0.000241454
relief,0.000238633
activation,0.00022763
