word,score
treatment,0.0037268
auditory,0.00068729
objective,0.000639745
stimulation,0.000593971
month,0.000581313
chronic,0.000549675
design,0.000479101
study,0.00047521
day,0.000391416
outcome,0.000366019
activity,0.000361895
suppression,0.000283077
mechanism,0.000276674
loss,0.000267888
perform,0.00025103
model,0.000243042
improvement,0.000242648
assess,0.000239435
reduction,0.000224991
decrease,0.000215434
