word,score
level,0.001425175
distress,0.000648926
loss,0.000597439
age,0.000513678
area,0.000492937
zinc,0.000458506
include,0.000419643
hear,0.000419488
month,0.000395618
activation,0.000393811
evaluate,0.000347498
psychological,0.000345071
stimulation,0.00030917
perception,0.000304806
factor,0.000293282
loudness,0.000274297
chronic,0.000274148
score,0.000257587
normal,0.000241047
control,0.000229524
