word,score
stimulation,0.002864398
study,0.001480866
control,0.000835335
frequency,0.000591052
activity,0.000572602
rate,0.000444742
subject,0.000421992
magnetic,0.000415445
investigate,0.000388352
correlation,0.000376165
include,0.000358449
individual,0.000325592
spontaneous,0.000313533
central,0.000309276
average,0.000308687
model,0.000307202
discharge,0.000300699
difference,0.000298143
session,0.000286057
tinnitusrelate,0.000259909
