word,score
subject,0.001760356
group,0.001241018
hearing,0.000881227
score,0.000750595
activity,0.00056963
study,0.000562245
improve,0.000545495
symptom,0.000531499
ear,0.000492999
report,0.000397027
week,0.000389089
evaluate,0.000382392
include,0.000367568
function,0.00034228
test,0.000329401
correlation,0.000294505
frequency,0.000290483
normal,0.000242639
high,0.000240815
improvement,0.000226267
