word,score
treatment,0.002257018
auditory,0.001832217
group,0.001329778
hearing,0.001008619
inventory,0.000863612
stimulation,0.000774246
therapy,0.000755222
loss,0.000655799
ear,0.000619855
depression,0.000500696
item,0.000438774
age,0.000427477
factor,0.000405244
scale,0.000357916
correlation,0.000339995
effective,0.000315859
effect,0.000307651
subject,0.000298295
severity,0.00028179
population,0.000274968
