word,score
severity,0.001350657
stimulation,0.001320228
loss,0.001184667
hearing,0.00117777
scale,0.000844533
measure,0.000712164
hear,0.000675931
include,0.000602767
effect,0.000602379
impact,0.000550077
month,0.000488994
participant,0.000478202
control,0.000430777
frequency,0.000422433
symptom,0.000402365
therapy,0.000399495
outcome,0.000392012
assess,0.000378587
activity,0.000367292
management,0.000353769
