word,score
treatment,0.005725188
therapy,0.003148398
sound,0.000981523
life,0.000840762
week,0.000765415
include,0.000760473
clinical,0.000595168
improvement,0.00050269
counseling,0.000497046
distress,0.000483125
care,0.000479411
trial,0.000473501
evaluate,0.00046857
effective,0.000459701
quality,0.00045452
questionnaire,0.000446865
outcome,0.000429093
study,0.000419822
functional,0.000405786
persistent,0.000377572
