word,score
subject,0.002096017
study,0.001296422
auditory,0.001246765
group,0.00123968
test,0.000957672
difference,0.000894095
frequency,0.000831672
temporal,0.000819006
control,0.000606891
year,0.00059177
high,0.000578963
change,0.000571376
chronic,0.000496629
unilateral,0.000408714
characteristic,0.000404944
investigate,0.000403393
objective,0.000372837
loudness,0.000340492
threshold,0.000309788
prevalence,0.000284883
