topic,score
0,13.43085115
1,14.42081942
2,14.29272981
3,17.46637984
4,6.89613296
5,6.726786245
6,16.43812599
7,21.36081638
8,12.57092405
9,7.861076412
10,28.14199281
