topic,score
0,11.89576895
1,10.68236836
2,11.80246625
3,12.11981958
4,12.66313255
5,5.275196604
6,16.75068118
7,15.76088265
8,14.79396603
9,7.420488071
10,13.49690001
