topic,score
0,14.79632
1,13.53635237
2,19.66924326
3,8.52186789
4,8.442049583
5,7.124804441
6,10.71679284
7,23.16779228
8,16.90818924
9,7.779493913
10,14.31913839
