topic,score
0,22.3988768
1,17.34847233
2,17.40739469
3,14.65223567
4,19.93966478
5,11.07983194
6,24.87299671
7,27.55263427
8,20.63137333
9,14.14483323
10,23.19349076
