word,score
treatment,0.003384525
study,0.001721573
network,0.001276874
include,0.001225243
subject,0.00085423
therapy,0.00079674
activity,0.000734973
month,0.000694879
leave,0.000627688
individual,0.000518892
current,0.000500411
objective,0.000493698
severe,0.00044305
low,0.00043931
case,0.000420889
demonstrate,0.000411778
difference,0.000407468
condition,0.000399621
clinical,0.000388331
reveal,0.000373718
