word,score
auditory,0.002505473
include,0.000890838
therapy,0.000733255
normal,0.000650334
depression,0.000596943
cochlear,0.00054378
loss,0.000534905
activity,0.000518417
measure,0.000509802
case,0.000499084
network,0.000452143
review,0.000449429
analysis,0.000443799
evaluate,0.00038782
connectivity,0.000369468
functional,0.00035543
symptom,0.000348175
sleep,0.000338956
leave,0.000311135
temporal,0.000307956
