word,score
hyperacusis,0.001799403
score,0.001508769
intervention,0.001408848
hearing,0.001201923
participant,0.000958609
level,0.000871323
outcome,0.000698213
include,0.000697355
care,0.000690387
questionnaire,0.000638559
evidence,0.000621133
cognitive,0.000572644
subject,0.000558431
base,0.000541541
week,0.000532166
service,0.000529853
measure,0.000524664
abstracttext,0.000510458
aid,0.000503525
difficulty,0.000503128
